PlayerID,Fname,Lname,Position,TeamID
5084939,Isaiah,Adams,G,22
15035,Kelvin,Beachum,OT,22
4429275,Trey,Benson,RB,22
2578570,Jacoby,Brissett,QB,22
3128412,Evan,Brown,C,22
3045147,James,Conner,RB,22
3914151,Josiah,Deguara,TE,22
4362478,Emari,Demercado,RB,22
4037235,Greg,Dortch,WR,22
4360739,Simi,Fehoko,WR,22
3886633,Hjalte,Froholdt,G,22
4429782,Josh,Fryar,OT,22
4367199,Jon,II,G,22
4432708,Marvin,Jr.,WR,22
4426844,Elijah,Higgins,TE,22
4428991,Paris,Jr.,OT,22
3059722,Zay,Jones,WR,22
4427728,Bam,Knight,RB,22
4361307,Trey,McBride,TE,22
3917315,Kyler,Murray,QB,22
4696700,Tip,Reiman,TE,22
3122168,Trent,Sr.,WR,22
4259324,Travis,Vokolek,TE,22
4428811,Xavier,Weaver,WR,22
4040726,Jonah,Williams,OT,22
4360761,Michael,Wilson,WR,22
3127287,Budda,Baker,S,22
4240824,Joey,Blount,S,22
4241987,Baron,Browning,LB,22
4428996,Jordan,Burch,LB,22
4432668,Denzel,Burke,CB,22
11284,Calais,Campbell,DT,22
4426923,Kei'Trel,Clark,CB,22
3116449,L.J.,Collier,DE,22
4244606,Zaven,Collins,LB,22
4430821,Kitan,Crawford,S,22
3917142,Akeem,Davis-Gaither,LB,22
4685408,Will,Johnson,CB,22
4698113,Max,Melton,CB,22
4361421,PJ,Mustipher,DT,22
4567219,Owen,Pappoe,LB,22
4569480,Darius,Robinson,DE,22
4429071,Cody,Simon,LB,22
4362225,Dante,Stills,DT,22
3693166,Josh,Sweat,LB,22
4428633,Dadrion,Taylor-Demerson,S,22
4043089,Jalen,Thompson,S,22
2979860,Dalvin,Tomlinson,DT,22
4568506,Garrett,Williams,CB,22
4040983,Mack,Sr.,LB,22
15241,Aaron,Brewer,LS,22
4045180,Blake,Gillikin,P,22
4363538,Chad,Ryland,PK,22
3061612,Jamal,Agnew,WR,1
4373626,Tyler,Allgeier,RB,1
4568510,Matthew,Bergeron,G,1
4605841,Nathan,Carter,RB,1
4034948,Feleipe,Franks,TE,1
4362845,Jovaughn,Gwyn,G,1
4682831,Kyle,Hinton,G,1
3047876,KhaDarel,Hodge,WR,1
3672833,Chris,Lindstrom,G,1
4426502,Drake,London,WR,1
16713,Jake,Matthews,OT,1
4040655,Darnell,Mooney,WR,1
4036444,Ryan,Neuzil,G,1
4360423,Michael,Jr.,QB,1
4360248,Kyle,Sr.,TE,1
4374045,Teagan,Quitoriano,TE,1
4430807,Bijan,Robinson,RB,1
3871102,David,V,WR,1
4428796,Casey,Washington,WR,1
4248425,Carlos,Jr.,RB,1
3059839,Elijah,Wilkinson,OT,1
4035020,Charlie,Woerner,TE,1
4401823,Dee,Alford,CB,1
3919512,Jessie,III,S,1
4428872,JD,Bertrand,LB,1
4431194,Billy,Jr.,S,1
4689989,Natrone,Brooks,CB,1
4037626,Divine,Deablo,LB,1
4427090,Brandon,Dorlus,DT,1
4257591,Arnold,Ebiketie,LB,1
3124890,Kaden,Elliss,LB,1
3043136,Leonard,Floyd,DE,1
3050916,Mike,Jr.,CB,1
4040613,Jordan,Fuller,S,1
4039170,Elijah,Garcia,DT,1
4426412,Zach,Harrison,DE,1
4567111,DeMarcco,Hellams,S,1
3895841,Mike,Hughes,CB,1
4376288,LaCale,London,DE,1
4243457,DeAngelo,Malone,LB,1
4002046,David,Onyemata,DT,1
4430271,Ruke,Orhorhoro,DT,1
5081394,James,Jr.,LB,1
4239995,A.J.,Jr.,CB,1
4685597,Jalon,Walker,LB,1
4431005,Xavier,Watts,S,1
3128303,Josh,Woods,LB,1
3915528,Liam,McCullough,LS,1
2977680,Bradley,Pinion,P,1
4690013,Rasheen,Ali,RB,33
3116365,Mark,Andrews,TE,33
4360939,Rashod,Bateman,WR,33
4576075,Corey,Bullock,C,33
4035002,Ben,Cleveland,G,33
4360964,Daniel,Faalele,G,33
4429615,Zay,Flowers,WR,33
3043078,Derrick,Henry,RB,33
4038441,Justice,Hill,RB,33
15795,DeAndre,Hopkins,WR,33
3916387,Lamar,Jackson,QB,33
4241263,Charlie,Kolar,TE,33
4360499,Tyler,Linderbaum,C,33
3040008,Joseph,Noteboom,OT,33
4430876,Roger,Rosengarten,OT,33
2972515,Cooper,Rush,QB,33
2980153,Ronnie,Stanley,OT,33
4243220,Andrew,Vorhees,G,33
4696882,Devontez,Walker,WR,33
4241424,Tylan,Wallace,WR,33
4690143,LaJohntay,Wester,WR,33
3052101,Chidobe,Awuzie,CB,33
4698244,Teddye,Buchanan,LB,33
4039413,Alohi,Gilman,S,33
4683188,Mike,Green,LB,33
4575517,Kyle,Hamilton,S,33
4565350,Jay,IV,LB,33
4241250,Jake,Hummel,LB,33
3126356,Marlon,Humphrey,CB,33
15846,John,Jenkins,DT,33
3915525,Dre'Mont,Jones,DE,33
4362139,Travis,Jones,DT,33
4430118,Sanoussi,Kane,S,33
4035245,Nnamdi,Madubuike,DT,33
4694334,Keyon,Martin,CB,33
4565311,Aeneas,Peebles,DT,33
4690179,Tavius,Robinson,LB,33
4430831,Trenton,Simpson,LB,33
3915189,Roquan,Smith,LB,33
4685530,Malaki,Starks,S,33
4575483,T.J.,Tampa,CB,33
16772,Kyle,Noy,LB,33
3915837,Broderick,Jr.,DT,33
4601278,Nate,Wiggins,CB,33
4697745,Tyler,Loop,PK,33
3915184,Nick,Moore,LS,33
4260224,Jordan,Stout,P,33
4366349,Joe,Andreessen,LB,2
4379778,Christian,Benford,CB,2
4259166,Terrel,Bernard,LB,2
4676004,Cole,Bishop,S,2
3051389,Joey,Bosa,DE,2
4576069,Brandon,Codrington,CB,2
4240585,AJ,Epenesa,DE,2
4044133,Sam,Jr.,S,2
4036060,Damar,Hamlin,S,2
4240059,Ja'Marcus,Ingram,CB,2
4577066,Keonta,Jenkins,LB,2
3121003,Taron,Johnson,CB,2
16910,DaQuan,Jones,DT,2
3916577,Cam,Lewis,CB,2
4427826,Zion,Logue,DT,2
3046287,Matt,Milano,LB,2
4039303,Ed,Oliver,DT,2
4039007,Taylor,Rapp,S,2
4362506,Greg,Rousseau,DE,2
4684527,T.J.,Sanders,DT,2
4428548,Javon,Solomon,DE,2
4568703,Dorian,Strong,CB,2
2978313,Shaq,Thompson,LB,2
4831989,Deone,Walker,DT,2
3042717,Tre'Davious,White,CB,2
4568624,Dorian,Williams,LB,2
3918298,Josh,Allen,QB,2
4367203,Alec,Anderson,OT,2
4030899,Spencer,Brown,OT,2
4635008,Keon,Coleman,WR,2
4379399,James,III,RB,2
4429501,Ray,Davis,RB,2
3051324,Dion,Dawkins,OT,2
3917660,David,Edwards,G,2
4039505,Reggie,Gilliam,FB,2
4573699,Jackson,Hawes,TE,2
3915411,Ty,Johnson,RB,2
4385690,Dalton,Kincaid,TE,2
3930086,Dawson,Knox,TE,2
4033748,Connor,McGovern,G,2
4242433,Joshua,Palmer,WR,2
4373678,Khalil,Shakir,WR,2
4241476,Tyrell,Shavers,WR,2
4428696,O'Cyrus,Torrence,G,2
3039707,Mitchell,Trubisky,QB,2
4239140,Ryan,Demark,OT,2
4430815,Sedrick,Pran-Granger,C,2
2976549,Reid,Ferguson,LS,2
11122,Matt,Prater,PK,2
4035495,Derrick,Brown,DE,29
4372518,Bobby,III,DT,29
4256224,Claudin,Cherelus,LB,29
4362910,Jaden,Crumedy,DT,29
4244607,Akayleb,Evans,CB,29
4362847,Jaycee,Horn,CB,29
4714157,Thomas,Incoom,LB,29
4687513,Cam,Jackson,DT,29
3917853,Mike,Jackson,CB,29
4036063,Patrick,II,LB,29
4880613,Bam,Martin-Scott,LB,29
4362487,Tre'von,Moehrig,S,29
4429110,Lathan,Ransom,S,29
4426926,Demani,Richardson,S,29
3054857,A'Shawn,Robinson,DE,29
4032200,Robert,Rochell,CB,29
3909013,Christian,Rozeboom,LB,29
3116179,Nick,Scott,S,29
4833355,Nic,Scourton,LB,29
4697636,Chau,Smith-Wade,CB,29
4431426,Corey,Thornton,CB,29
4429166,Princely,Umanmielen,LB,29
4683815,Trevin,Wallace,LB,29
4058925,Tershawn,Wharton,DT,29
4038849,D.J.,Wonnum,LB,29
4256062,Brady,Christensen,G,29
3056608,Austin,Corbett,C,29
4038815,Rico,Dowdle,RB,29
4427132,Ikem,Ekwonu,OT,29
4685350,Trevor,Etienne,RB,29
4683243,Mitchell,Evans,TE,29
4241416,Chuba,Hubbard,RB,29
3917592,Robert,Hunt,G,29
4430034,Xavier,Legette,WR,29
4362647,Damien,Lewis,G,29
4361788,Cade,Mays,C,29
4685472,Tetairoa,McMillan,WR,29
4212909,David,Moore,WR,29
2973051,Taylor,Moton,OT,29
3871880,Yosh,Nijman,OT,29
3135321,Hunter,Renfrow,WR,29
4431588,Ja'Tavion,Sanders,TE,29
4360763,Brycen,Tremayne,WR,29
4372780,Tommy,Tremble,TE,29
4685720,Bryce,Young,QB,29
4710661,Chandler,Zavala,G,29
4568263,Ryan,Fitzgerald,PK,29
11759,JJ,Jansen,LS,29
15928,Sam,Martin,P,29
4434153,Tyson,Bagent,QB,3
3929631,Ryan,Bates,C,3
5125873,Theo,Benedet,G,3
4685278,Luther,III,WR,3
4242553,Drew,Dalman,C,3
4039050,Devin,Duvernay,WR,3
3930040,Jonah,Jackson,G,3
4426386,Roschon,Johnson,RB,3
4251007,Braxton,Jones,OT,3
4258595,Cole,Kmet,TE,3
4723086,Colston,Loveland,TE,3
4608686,Kyle,Monangai,RB,3
3915416,DJ,Moore,WR,3
4695895,Luke,Newman,OT,3
4431299,Rome,Odunze,WR,3
3052897,Durham,Smythe,TE,3
4259545,D'Andre,Swift,RB,3
2577773,Joe,Thuney,G,3
4432595,Ozzy,Trapilo,OT,3
5160110,Jahdae,Walker,WR,3
4431611,Caleb,Williams,QB,3
4426358,Darnell,Wright,OT,3
3917914,Olamide,Zaccheaus,WR,3
3051775,Andrew,Billings,DT,3
4240459,Josh,Blackwell,CB,3
4570044,Jaquan,Brisker,S,3
2574056,Kevin,III,S,3
4429014,Gervon,Sr.,DT,3
3929950,Tremaine,Edmunds,LB,3
3121544,T.J.,Edwards,LB,3
4034953,C.J.,Gardner-Johnson,S,3
4365629,Daniel,Hardy,DE,3
4242402,Elijah,Hicks,S,3
4429970,Ruben,II,LB,3
4241007,D'Marco,Jackson,LB,3
2576492,Grady,Jarrett,DE,3
4243253,Jaylon,Johnson,CB,3
4047655,Jaylon,Jones,CB,3
4569428,Carl,Jr.,LB,3
4036169,Nick,McCloud,CB,3
4242659,Dayo,Odeyingbo,DE,3
4331768,Jonathan,Owens,S,3
4244300,Dominique,Robinson,DE,3
4430822,Noah,Sewell,LB,3
4426374,Tyrique,Stevenson,CB,3
3134690,Montez,Sweat,DE,3
4243333,Joe,Tryon-Shoyinka,DE,3
4034530,Chris,Williams,DT,3
4570470,Nahshon,Wright,CB,3
2980138,Scott,Daly,LS,3
17427,Cairo,Santos,PK,3
4686889,Tory,Taylor,P,3
4429299,Tahj,Brooks,RB,4
4362238,Chase,Brown,RB,4
3116370,Orlando,Jr.,OT,4
3886812,Jake,Browning,QB,4
3915511,Joe,Burrow,QB,4
4362628,Ja'Marr,Chase,WR,4
4646773,Dylan,Fairchild,G,4
4036131,Noah,Fant,TE,4
11252,Joe,Flacco,QB,4
3707061,Cody,Ford,G,4
3116164,Mike,Gesicki,TE,4
4239993,Tee,Higgins,WR,4
3050481,Tanner,Hudson,TE,4
4368003,Andrei,Iosivas,WR,4
4257188,Charlie,Jones,WR,4
2576188,Ted,Karras,C,4
4568986,Matt,Lee,C,4
4431571,Amarius,Mims,OT,4
2576736,Lucas,Patrick,G,4
3116389,Samaje,Perine,RB,4
3125082,Dalton,Risner,G,4
4429010,Jalen,Rivers,OT,4
3127310,Drew,Sample,TE,4
4690070,Mitchell,Tinsley,WR,4
4257240,Tycen,Anderson,S,4
4567098,Jordan,Battle,S,4
3051746,Oren,Burks,LB,4
4431519,Barrett,Carter,LB,4
3052743,Trey,Hendrickson,DE,4
4360413,Shaka,Heyward,LB,4
3116748,B.J.,Hill,DT,4
4426422,Dax,Hill,CB,4
4362502,DJ,Ivey,CB,4
4432301,Kris,Jr.,DT,4
4429946,PJ,Jules,S,4
4427729,Demetrius,Jr.,LB,4
4428985,Myles,Murphy,DE,4
4365319,Josh,Newton,CB,4
4362094,Joseph,Ossai,DE,4
4243923,Cam,Sample,DE,4
4240612,T.J.,Jr.,DT,4
4685562,Shemar,Stewart,DE,4
4240575,Geno,Stone,S,4
4361196,Cam,Taylor-Britt,CB,4
4572036,DJ,II,CB,4
4360234,Evan,McPherson,PK,4
4608820,Ryan,Rehkow,P,4
4572051,William,Wagner,LS,4
3915507,Jerome,Baker,LB,5
4036261,Devin,Bush,LB,5
4379397,Tyson,Campbell,CB,5
3040471,Maliek,Collins,DT,5
4242208,Grant,Delpit,S,5
4567403,Mohamoud,Diabate,LB,5
3122132,Myles,Garrett,DE,5
4873232,Mason,Graham,DT,5
4695783,Myles,Harden,CB,5
16837,Shelby,Harris,DT,5
4569620,Ronnie,Hickman,S,5
4605792,Adin,Huntington,DE,5
2969961,Rayshawn,Jenkins,S,5
5085888,Easton,Mascarenas-Arno,LB,5
4372085,Cameron,McGrone,LB,5
4427963,Isaiah,McGuire,DE,5
4686027,Donovan,McMillon,S,5
4876017,Carson,Schwesinger,LB,5
4361510,Cameron,Thomas,DE,5
3915535,Denzel,Ward,CB,5
4570119,Alex,Wright,DE,5
16740,Joel,Bitonio,G,5
4808839,Isaiah,Bond,WR,5
2580216,DeAndre,Carter,WR,5
2979534,Jack,Conklin,OT,5
5083076,Harold,Jr.,TE,5
4372019,Jerome,Ford,RB,5
4427238,Dillon,Gabriel,QB,5
4038457,Teven,Jenkins,G,5
4241463,Jerry,Jeudy,WR,5
4427637,Dawand,Jones,OT,5
4685702,Quinshon,Judkins,RB,5
4373079,KT,Leveston,OT,5
17202,Cornelius,Lucas,OT,5
3123076,David,Njoku,TE,5
3042738,Ethan,Pocic,C,5
3115313,Cam,Robinson,OT,5
5081397,Dylan,Sampson,RB,5
4601080,Raheim,Sanders,RB,5
3045474,Wyatt,Teller,G,5
4428678,Jamari,Thrash,WR,5
4369863,Cedric,Tillman,WR,5
4362018,Blake,Whiteheart,TE,5
4430806,Luke,Wypler,C,5
4039396,Corey,Bojorquez,P,5
3913293,Rex,Sunahara,LS,5
4258620,Andre,Szmyt,PK,5
4685120,T.J.,Bass,G,6
4426663,Cooper,Beebe,C,6
4685263,Tyler,Booker,G,6
4242355,Jake,Ferguson,TE,6
5083754,Ryan,Flournoy,WR,6
4609048,Tyler,Guyton,OT,6
4241087,Brock,Hoffman,C,6
4241389,CeeDee,Lamb,WR,6
4383396,Hunter,Luepke,RB,6
4426354,George,Pickens,WR,6
2577417,Dak,Prescott,QB,6
4045163,Miles,Sanders,RB,6
4372096,Luke,Schoonmaker,TE,6
4568652,Tyler,Smith,G,6
4360967,Brevyn,Spann-Ford,TE,6
3915834,Terence,Steele,OT,6
4428656,Nate,Thomas,OT,6
4249417,Jalen,Tolbert,WR,6
3676833,KaVontae,Turpin,WR,6
4361579,Javonte,Williams,RB,6
14950,Bryan,Anger,P,6
3953687,Brandon,Aubrey,PK,6
3052357,Trent,Sieg,LS,6
4411769,Corey,Ballentine,CB,6
4241921,Markquese,Bell,S,6
4248911,DaRon,Bland,CB,6
4426513,Trikweze,Bridges,CB,6
4685841,Zion,Childress,CB,6
3122752,Kenny,Clark,DT,6
4040966,Trevon,Diggs,CB,6
4683848,Donovan,Ezeiruaku,DE,6
2980100,Dante,Jr.,DE,6
17474,C.J.,Goodwin,CB,6
3121415,Malik,Hooker,S,6
4240608,James,Houston,DE,6
4427816,Marist,Liufau,LB,6
4241394,Kenneth,Jr.,LB,6
4035840,Osa,Odighizuwa,DT,6
5095865,Shavon,Jr.,CB,6
4372576,Jack,Sanborn,LB,6
4428584,Reddy,Steward,CB,6
4360590,Juanyeh,Thomas,S,6
3117258,Solomon,Thomas,DT,6
4431603,Jay,Toia,DT,6
4040982,Quinnen,Williams,DT,6
4567242,Sam,Williams,DE,6
3122135,Donovan,Wilson,S,6
3918330,Logan,Wilson,LB,6
4429193,Kris,Abrams-Draine,CB,7
3915282,Zach,Allen,DE,7
4428241,Levelle,Bailey,LB,7
4430925,Jahdae,Barron,CB,7
4360259,Nik,Bonitto,LB,7
4040608,Jonathon,Cooper,LB,7
4687592,Jonah,Elliss,LB,7
3120464,John,Franklin-Myers,DE,7
4360853,Talanoa,Hufanga,S,7
4261090,Jordan,Jackson,DT,7
4039059,Brandon,Jones,S,7
3894915,D.J.,Jones,DT,7
4037559,Devon,Key,S,7
3929850,P.J.,Locke,S,7
4567462,Ja'Quan,McMillian,CB,7
4382401,Riley,Moss,CB,7
4875336,Karene,Reid,LB,7
2612151,Alex,Singleton,LB,7
4428503,JL,Skinner,S,7
3919548,Justin,Strnad,LB,7
4372012,Pat,II,CB,7
5216101,Dondrea,Tillman,LB,7
4066109,Eyioma,Uwazurike,DE,7
4241807,Garret,Wallow,LB,7
4362748,Tyler,Badie,RB,7
4035662,Garett,Bolles,OT,7
4600981,Pat,Bryant,WR,7
4241985,J.K.,Dobbins,RB,7
3051876,Evan,Engram,TE,7
4242503,Alex,Forsyth,C,7
4431280,Troy,Franklin,WR,7
4568490,RJ,Harvey,RB,7
4360231,Lucas,Krull,TE,7
3052885,Mike,McGlinchey,OT,7
4608138,Quinn,Meinerz,G,7
4686472,Marvin,Jr.,WR,7
4426338,Bo,Nix,QB,7
4240551,Alex,Palczewski,OT,7
3921936,Matt,Peart,OT,7
4037650,Ben,Powers,G,7
3929914,Adam,Prentice,FB,7
3128429,Courtland,Sutton,WR,7
3911853,Adam,Trautman,TE,7
4039018,Luke,Wattenberg,C,7
4589212,Jeremy,Crawshaw,P,7
3139166,Mitchell,Fraboni,LS,7
2985659,Wil,Lutz,PK,7
3043107,Alex,Anzalone,LB,8
4592837,Terrion,Arnold,CB,8
4260409,Derrick,Barnes,LB,8
4692025,Brian,Branch,S,8
4569465,Jack,Campbell,LB,8
3051750,Zach,Cunningham,LB,8
3124058,Marcus,Davenport,DE,8
4027919,Khalil,Dorsey,CB,8
4372099,Aidan,Hutchinson,DE,8
4360383,Kerby,Joseph,S,8
4040805,Roy,Lopez,DT,8
3123938,Avonte,Maddox,CB,8
3051942,Al-Quadin,Muhammad,LB,8
2977670,DJ,Reader,DT,8
3139387,D.J.,Reed,CB,8
4239694,Amik,Robertson,CB,8
4240255,Grant,Stuard,LB,8
4035505,Daniel,Thomas,S,8
4431615,Tyleik,Williams,DT,8
4586333,Mekhi,Wingo,DT,8
3910229,Rock,Ya-Sin,CB,8
3115293,Kyle,Allen,QB,8
4040842,Kayode,Awosika,G,8
2976292,Taylor,Decker,OT,8
4567410,Kingsley,Eguakun,C,8
4429795,Jahmyr,Gibbs,RB,8
2576245,Graham,Glasgow,C,8
3046779,Jared,Goff,QB,8
4430027,Sam,LaPorta,TE,8
4596439,Dominic,Lovett,WR,8
4427864,Christian,Mahogany,G,8
5209589,Giovanni,Manu,OT,8
4035538,David,Montgomery,RB,8
4429035,Tate,Ratledge,G,8
2973405,Kalif,Raymond,WR,8
4383429,Jacob,Saylors,RB,8
4373825,Penei,Sewell,OT,8
4374302,Amon-Ra,Brown,WR,8
5123663,Isaac,TeSlaa,WR,8
4426388,Jameson,Williams,WR,8
4242392,Brock,Wright,TE,8
4608362,Shane,Zylstra,TE,8
4689936,Jake,Bates,PK,8
3916370,Jack,Fox,P,8
4571755,Hogan,Hatten,LS,8
4373423,Karl,Brooks,DE,9
4688930,Javon,Bullard,S,9
4430438,Edgerrin,Cooper,LB,9
4361776,Brenton,Jr.,DE,9
4362840,Kingsley,Enagbare,DE,9
4046523,Rashan,Gary,DE,9
4427356,Kamal,Hadden,CB,9
4240542,Nate,Hobbs,CB,9
4567406,Ty'Ron,Hopper,LB,9
4239947,Isaiah,McDuffie,LB,9
4241470,Xavier,McKinney,S,9
4259305,Bo,Melton,CB,9
4036141,Nick,Niemann,LB,9
4259493,Keisean,Nixon,CB,9
4374037,Kitan,Oladapo,S,9
4361423,Micah,Parsons,DE,9
4683643,Barryn,Sorrell,DE,9
4429142,Nazir,Stackhouse,DT,9
4430965,Carrington,Valentine,CB,9
4686906,Lukas,Ness,DE,9
4379416,Quay,Walker,LB,9
4428863,Evan,Williams,S,9
4567224,Colby,Wooden,DT,9
4361791,Devonte,Wyatt,DT,9
4242390,Aaron,Banks,G,9
4426623,Brant,Banks,OT,9
4873706,Anthony,Belton,OT,9
3149687,Chris,Brooks,RB,9
4361432,Romeo,Doubs,WR,9
4379401,John,FitzPatrick,TE,9
4701936,Matthew,Golden,WR,9
4689334,Malik,Heath,WR,9
4047365,Josh,Jacobs,RB,9
3115485,Elgton,Jenkins,G,9
4362611,Darian,Kinnard,OT,9
4572680,Tucker,Kraft,TE,9
4036378,Jordan,Love,QB,9
3821571,Jordan,Morgan,OT,9
4428085,Luke,Musgrave,TE,9
4362249,Jayden,Reed,WR,9
4426411,Sean,Rhyan,G,9
4240435,Zach,Tom,OT,9
4361429,Rasheed,Walker,OT,9
4428850,Dontayvion,Wicks,WR,9
4431487,Savion,Williams,WR,9
4887558,Emanuel,Wilson,RB,9
16339,Brandon,McManus,PK,9
4422336,Matt,Orzech,LS,9
4248789,Daniel,Whelan,P,9
3919117,Azeez,Al-Shaair,LB,34
4685724,Will,Jr.,DE,34
3115336,Derek,Barnett,DE,34
4431517,Calen,Bullock,S,34
4362636,Damone,Clark,LB,34
2969921,Mario,Jr.,DT,34
3045172,Folorunso,Fatukasi,DT,34
4033812,Jake,Hansen,LB,34
4567099,Christian,Harris,LB,34
4427479,Jamal,Hill,LB,34
4374066,Dylan,Horton,DE,34
2976560,Danielle,Hunter,DE,34
4602699,Kamari,Lassiter,CB,34
4241223,Jalen,Pitre,S,34
2970204,Sheldon,Rankins,DT,34
3929956,Tim,Jr.,DT,34
4594277,Jaylin,Smith,CB,34
3134448,Tremon,Smith,CB,34
3071353,E.J.,Speed,LB,34
3116679,M.J.,Stewart,S,34
4426434,Derek,Jr.,CB,34
3915396,Darrell,Taylor,DE,34
4426350,Henry,To'oTo'o,LB,34
4362732,Jake,Andrews,C,34
4373273,British,Brooks,RB,34
4040774,Harrison,Bryant,TE,34
3128720,Nick,Chubb,RB,34
4258173,Nico,Collins,WR,34
4429693,Aireontae,Ersery,OT,34
4432699,Blake,Fisher,OT,34
4877706,Jayden,Higgins,WR,34
3131498,Tytus,Howard,OT,34
4686422,Xavier,Hutchinson,WR,34
4242227,Ed,Ingram,G,34
3115349,Jakob,Johnson,FB,34
4429059,Woody,Marks,RB,34
4586312,Jaylin,Noel,WR,34
2983509,Dare,Ogunbowale,RB,34
4372774,Jarrett,Patterson,C,34
3117256,Dalton,Schultz,TE,34
4361425,Juice,Scruggs,C,34
4426496,Cade,Stover,TE,34
4432577,C.J.,Stroud,QB,34
2512477,Laken,Tomlinson,G,34
3118892,Justin,Watson,WR,34
4690999,Austin,Brinkman,LS,34
2971573,Ka'imi,Fairbairn,PK,34
3915398,Tommy,Townsend,P,34
2998565,Mo,Alie-Cox,TE,11
4426689,Ulysses,IV,RB,11
4430957,Tanor,Bortolini,C,11
4688813,Josh,Downs,WR,11
4061956,Ashton,Dulin,WR,11
4874509,DJ,Giddens,RB,11
4427298,Matt,Goncalves,G,11
4429684,Anthony,Gould,WR,11
3917792,Daniel,Jones,QB,11
3129308,Quenton,Nelson,G,11
4722908,Drew,Ogletree,TE,11
4360078,Alec,Pierce,WR,11
3915470,Danny,Pinter,C,11
4035687,Michael,Jr.,WR,11
4362580,Bernhard,Raimann,OT,11
3121595,Braden,Smith,OT,11
4242335,Jonathan,Taylor,RB,11
4892240,Jalen,Travis,OT,11
4370363,Dalton,Tucker,G,11
4431459,Tyler,Warren,TE,11
4427635,Adetomiwa,Adebawore,DT,11
4374171,Austin,Ajiake,LB,11
4360677,Mekhi,Blackmon,CB,11
2971282,DeForest,Buckner,DT,11
4035861,Cam,Bynum,S,11
4426403,Nick,Cross,S,11
3045527,Samson,Ebukam,DE,11
4695991,Johnathan,Edwards,CB,11
3124005,Zaire,Franklin,LB,11
3892883,Neville,Gallimore,DT,11
4427250,Sauce,Gardner,CB,11
4240900,Buddy,Johnson,LB,11
4050971,Eric,II,DT,11
4685145,Jaylon,Jones,CB,11
3128630,Chris,Lammons,CB,11
4426473,Laiatu,Latu,DE,11
3040513,Tyquan,Lewis,DE,11
4692970,Reuben,III,S,11
4218312,Kenny,II,CB,11
4361707,Chad,Muma,LB,11
4260703,Segun,Olubi,LB,11
4258194,Kwity,Paye,DE,11
3116724,Germaine,Pratt,LB,11
4242415,Daniel,Scott,S,11
4058825,Grover,Stewart,DT,11
4248455,Rodney,II,S,11
4566154,JT,Tuimoloau,DE,11
4037361,Charvarius,Ward,CB,11
2566045,Luke,Rhodes,LS,11
3914922,Rigoberto,Sanchez,P,11
4571557,Spencer,Shrader,PK,11
4360807,Yasir,Abdullah,LB,30
2971275,Arik,Armstead,DT,30
4257580,Christian,Braswell,CB,30
4334300,Dennis,Gardeck,LB,30
3915520,DaVon,Hamilton,DT,30
3915239,Josh,Hines-Allen,DE,30
4429168,Antonio,Johnson,S,30
2979591,Austin,Johnson,DT,30
4426448,Jarrian,Jones,CB,30
4427716,Jack,Kiser,LB,30
4880675,Rayuan,III,S,30
3045207,Jourdan,Lewis,CB,30
4243256,Devin,Lloyd,LB,30
4240610,Ventrell,Miller,LB,30
2970716,Eric,Murray,S,30
4361266,Greg,II,CB,30
2977740,Emmanuel,Ogbah,DE,30
3050073,Foyesade,Oluokun,LB,30
4431567,Maason,Smith,DT,30
3042476,Dawuane,Smoot,DE,30
3917909,Juan,Thornhill,S,30
4426349,Travon,Walker,DE,30
3918331,Andrew,Wingard,S,30
4911851,LeQuint,Jr.,RB,30
4361577,Dyami,Brown,WR,30
4048231,Ezra,Cleveland,G,30
3701582,Chuma,Edoga,G,30
4239996,Travis,Jr.,RB,30
4242391,Robert,Hainsey,C,30
4692525,Anton,Harrison,OT,30
4685415,Travis,Hunter,WR,30
4245131,Tim,Jones,WR,30
4360310,Trevor,Lawrence,QB,30
4369308,Ricky,Lee,OT,30
4242554,Walker,Little,OT,30
4239944,Hunter,Long,TE,30
3863820,Patrick,Mekari,G,30
3916433,Jakobi,Meyers,WR,30
4430481,Jonah,Monheim,C,30
4244049,Quintin,Morris,TE,30
3052096,Johnny,Mundt,TE,30
3134353,Tim,Patrick,WR,30
4391845,Cody,Schrader,RB,30
4430539,Brenton,Strange,TE,30
4432773,Brian,Jr.,WR,30
4882093,Bhayshul,Tuten,RB,30
4035791,Cole,Lanen,OT,30
4432620,Parker,Washington,WR,30
3115480,Logan,Cooke,P,30
4686361,Cam,Little,PK,30
3928931,Ross,Matiscik,LS,30
4602389,Jeffrey,Bassa,LB,12
4362759,Nick,Bolton,LB,12
4426901,Leo,Chenal,LB,12
4249766,Jack,Cochrane,LB,12
4361964,Chamarri,Conner,S,12
4247726,Bryan,Cook,S,12
3915487,Mike,Danna,DE,12
4035433,Kristian,Fulton,CB,12
4684432,Ashton,Gillotte,DE,12
4685232,Jaden,Hicks,S,12
3044859,Chris,Jones,DT,12
4426659,George,Karlaftis,DE,12
4602648,Kevin,Knowles,CB,12
4567826,Cooper,McDonald,LB,12
4426405,Trent,McDuffie,CB,12
3122930,Derrick,Nnadi,DT,12
4591008,Omarr,Norman-Lott,DT,12
3929865,Charles,Omenihu,DE,12
17230,Mike,Pennel,DT,12
4428383,Chris,Roland-Wallace,CB,12
3863182,Jerry,Tillery,DT,12
3129310,Drue,Tranquill,LB,12
4243218,Marlon,Tuipulotu,DT,12
4697639,Jaylen,Watson,CB,12
4917635,Joshua,Williams,CB,12
4610705,Nohl,Williams,CB,12
4361496,Matt,Araiza,P,12
3055899,Harrison,Butker,PK,12
16665,James,Winchester,LS,12
4241372,Hollywood,Brown,WR,12
4689988,Jason,Brownlee,WR,12
4043039,Mike,Caliendo,G,12
4240472,Noah,Gray,TE,12
4241385,Creed,Humphrey,C,12
3059915,Kareem,Hunt,RB,12
15847,Travis,Kelce,TE,12
3139477,Patrick,Mahomes,QB,12
4043041,Jaylon,Moore,G,12
4570577,Wanya,Morris,OT,12
4361529,Isiah,Pacheco,RB,12
4360238,Dameon,Pierce,RB,12
4372716,Nikko,Remigio,WR,12
4569659,Josh,Simmons,OT,12
4596602,Brashard,Smith,RB,12
4242459,Trey,Smith,G,12
3120348,JuJu,Smith-Schuster,WR,12
4431595,Kingsley,Suamataia,OT,12
4034961,Jawaan,Taylor,OT,12
4362921,Tyquan,Thornton,WR,12
2975674,Robert,Tonyan,TE,12
4683062,Xavier,Worthy,WR,12
3115373,Jamal,Adams,LB,13
4360749,Thomas,IV,DT,13
2972342,Adam,Butler,DT,13
4043169,Jeremy,Chinn,S,13
3916655,Maxx,Crosby,DE,13
3124067,Terrell,Edmunds,S,13
4429560,Tommy,Eichenberg,LB,13
4035666,Leki,Fotu,DT,13
4429109,Tonka,Hemingway,DT,13
4242973,Darnay,Holmes,CB,13
4373471,Brennan,Jackson,LB,13
4427695,Kyu,Kelly,CB,13
4239719,Malcolm,Koonce,DE,13
4373956,Jonah,Laulu,DT,13
4685126,Cody,Lindenberg,LB,13
4250393,Tristin,McCollum,S,13
4259632,Isaiah,Pola-Mao,S,13
4430330,Darien,Porter,CB,13
4258485,Jon,Rhattigan,LB,13
4605498,Decamerion,Richardson,CB,13
2987743,Elandon,Roberts,LB,13
4240849,Charles,Snowden,DE,13
4259561,Eric,Stokes,CB,13
4035434,Devin,White,LB,13
4372533,Tyree,Wilson,DE,13
3919510,Alex,Bachman,WR,13
4603186,Jack,Bech,WR,13
4432665,Brock,Bowers,TE,13
3059021,Alex,Cappa,G,13
4034962,Stone,Forsythe,OT,13
4606683,DJ,Glaze,OT,13
4890973,Ashton,Jeanty,RB,13
4366963,Dylan,Laube,RB,13
2577327,Tyler,Lockett,WR,13
4429086,Michael,Mayer,TE,13
4076803,Jordan,Meredith,G,13
3134312,Kolton,Miller,OT,13
4243375,Dylan,Parham,G,13
4875295,Jackson,Powers-Johnson,C,13
4426393,Will,Putnam,C,13
4361426,Justin,Shorter,WR,13
15864,Geno,Smith,QB,13
4045305,Ian,Thomas,TE,13
4432775,Dont'e,Jr.,WR,13
4428718,Tre,Tucker,WR,13
4361777,Zamir,White,RB,13
3925443,Jacob,Bobenmoyer,LS,13
3051909,Daniel,Carlson,PK,13
3686689,AJ,Cole,P,13
15818,Keenan,Allen,WR,24
4683487,Joe,Alt,OT,24
4240090,Mekhi,Becton,G,24
3054842,Bradley,Bozeman,C,24
3915486,Tyler,Conklin,TE,24
4362477,Derius,Davis,WR,24
4242229,Austin,Deculus,OT,24
3127292,Will,Dissly,TE,24
4685382,Omarion,Hampton,RB,24
4241457,Najee,Harris,RB,24
4686612,Tre',Harris,WR,24
4372071,Hassan,Haskins,RB,24
4038941,Justin,Herbert,QB,24
3932244,Andre,James,C,24
4247347,Zion,Johnson,G,24
4429025,Quentin,Johnston,WR,24
4430870,KeAndre,Lambert-Smith,WR,24
4373684,Scott,Matlock,FB,24
4612826,Ladd,McConkey,WR,24
4411189,Trey,III,G,24
4379412,Jamaree,Salyer,G,24
5089178,Jamaree,Caldwell,DT,24
2576702,Bud,Dupree,LB,24
4038946,Troy,Dye,LB,24
4567138,Justin,Eboigbe,DT,24
3126352,Da'Shawn,Hand,DT,24
4427404,Cam,Hart,CB,24
4241597,Daiyan,Henley,LB,24
3843769,Donte,Jackson,CB,24
3691739,Derwin,Jr.,S,24
16195,Tony,Jefferson,S,24
4046716,Naquan,Jones,DT,24
16710,Khalil,Mack,LB,24
4429018,RJ,Mickens,S,24
4243328,Elijah,Molden,CB,24
4367210,Otito,Ogbonnia,DT,24
4361422,Odafe,Oweh,LB,24
2579621,Denzel,Perryman,LB,24
4240528,Del'Shawn,Phillips,LB,24
4258206,Benjamin,St-Juste,CB,24
4432571,Tarheeb,Still,CB,24
4374269,Teair,Tart,DT,24
4431442,Tuli,Tuipulotu,LB,24
4431467,Marlowe,Wax,LB,24
4360745,Kendall,Williamson,S,24
4362081,Cameron,Dicker,PK,24
2565971,Rick,Lovato,LS,24
3126368,JK,Scott,P,24
16800,Davante,Adams,WR,14
4426553,Davis,Allen,TE,14
4360797,Tutu,Atwell,WR,14
4362474,Steve,Avila,G,14
4429096,Blake,Corum,RB,14
4360859,Justin,Dedich,G,14
3917599,Kevin,Dotson,G,14
4570037,Terrance,Ferguson,TE,14
2515613,Rob,Havenstein,OT,14
2573401,Tyler,Higbee,TE,14
4710341,Jarquez,Hunter,RB,14
4036135,Alaric,Jackson,OT,14
4567175,Beaux,Limmer,C,14
4426512,Warren,Jr.,OT,14
4710855,Konata,Mumpfield,WR,14
4426515,Puka,Nacua,WR,14
4242557,Colby,Parkinson,TE,14
3052180,Coleman,Shelton,C,14
4386544,Xavier,Smith,WR,14
12483,Matthew,Stafford,QB,14
2576399,Nick,Vannett,TE,14
4569382,Jordan,Whittington,WR,14
4430737,Kyren,Williams,RB,14
4242154,Kam,Curl,S,14
4568217,Tyler,Davis,DE,14
4693848,Shaun,Dolac,LB,14
4384549,Cobie,Durant,CB,14
4362245,Braden,Fiske,DE,14
4429767,Emmanuel,Jr.,CB,14
3125114,Poona,Ford,DT,14
4431118,Ty,Hamilton,DT,14
4360773,Nick,Hampton,LB,14
4360307,Derion,Kendrick,CB,14
4596363,Kamren,Kinchens,S,14
4249128,Quentin,Lake,S,14
4243181,Nate,Landman,LB,14
4427120,Jaylen,McCollough,S,14
4371973,Roger,McCreary,CB,14
4240123,Larrell,Murchison,DE,14
3116177,Troy,Reeder,LB,14
4379413,Chris,II,S,14
4428550,Omar,Speights,LB,14
4682983,Josaiah,Stewart,LB,14
4250621,Kobie,Turner,DE,14
4578085,Jared,Verse,LB,14
4572371,Josh,Wallace,CB,14
4239833,Darious,Williams,CB,14
3122630,Ahkello,Witherspoon,CB,14
4875196,Byron,Young,LB,14
5125875,Ethan,Evans,P,14
4429160,De'Von,Achane,RB,15
4241217,Larry,Borom,OT,15
4040537,Aaron,Brewer,G,15
2976117,Daniel,Brunskill,OT,15
4047422,Tanner,Conner,TE,15
3894849,James,Daniels,G,15
4043016,Dee,Eskridge,WR,15
4711533,Ollie,II,RB,15
4365395,Julian,Hill,TE,15
3116406,Tyreek,Hill,WR,15
3917668,Alec,Ingold,FB,15
4271632,Austin,Jackson,G,15
2509370,Kendall,Lamm,OT,15
4567493,Patrick,Paul,OT,15
4819257,Jonah,Savaiinaea,G,15
4241479,Tua,Tagovailoa,QB,15
4372016,Jaylen,Waddle,WR,15
4569603,Malik,Washington,WR,15
3929785,Nick,Westbrook-Ikhin,WR,15
4361259,Zach,Wilson,QB,15
3122976,Jeff,Jr.,RB,15
3931395,Jake,Bailey,P,15
2575907,Joe,Cardona,LS,15
4243371,Riley,Patterson,PK,15
4683276,Zeek,Biggers,DT,15
4360488,JuJu,Brents,CB,15
4242521,K.J.,Britt,LB,15
4043130,Jordyn,Brooks,LB,15
4242457,Matthew,Butler,DT,15
3932901,Elijah,Campbell,S,15
3116733,Bradley,Chubb,LB,15
3858271,Ashtyn,Davis,S,15
4035232,Tyrel,Dodson,LB,15
3943270,Rasul,Douglas,CB,15
4427103,Storm,Duck,CB,15
3925345,Minkah,Fitzpatrick,S,15
4259804,Willie,Jr.,LB,15
4035857,Cameron,Goode,LB,15
4894654,Kenneth,Grant,DT,15
4035299,Benito,Jones,DT,15
4035686,Jack,Jones,CB,15
3961466,Matthew,Judon,LB,15
4432730,Jason,Jr.,CB,15
4240401,Ifeatu,Melifonwu,S,15
4837188,Jordan,Phillips,DT,15
4431586,Chop,Robinson,LB,15
3057956,Zach,Sieler,DT,15
4431664,Dante,Jr.,S,15
3930270,Blake,Brandel,G,16
4242431,Ty,Chandler,RB,16
4565185,Tai,Felton,WR,16
4045176,Will,Fries,G,16
4036133,T.J.,Hockenson,TE,16
4431553,Donovan,Jackson,G,16
4262921,Justin,Jefferson,WR,16
3042519,Aaron,Sr.,RB,16
4362010,Michael,Jurgens,G,16
2578475,Ryan,Kelly,C,16
4360569,Jordan,Mason,RB,16
4433970,J.J.,McCarthy,QB,16
4382466,Jalen,Nailor,WR,16
3123954,Brian,O'Neill,OT,16
3921690,Josh,Oliver,TE,16
4430656,Myles,Price,WR,16
4428394,Walter,Rouse,OT,16
4257364,Zavier,Scott,RB,16
3915777,Justin,Skule,OT,16
4433959,Ben,Yurosek,TE,16
3054840,Jonathan,Allen,DT,16
3728281,Blake,Cashman,LB,16
4431520,Chaz,Chambliss,LB,16
3916409,Jonathan,Greenard,LB,16
2983055,Javon,Hargrave,DT,16
4629149,Tyrion,Ingram-Dawkins,DE,16
4242436,Theo,Jackson,S,16
4429185,Austin,Keys,LB,16
4429128,Dwight,McGlothern,CB,16
4046537,Joshua,Metellus,S,16
2971586,Fabian,Moreau,CB,16
4428080,Gabriel,Murphy,LB,16
4038999,Byron,Jr.,CB,16
4241984,Jeff,Okudah,CB,16
4430280,Ivan,Jr.,LB,16
4360277,Jalen,Redmond,DT,16
4875564,Bo,Richter,LB,16
4044540,Isaiah,Rodgers,CB,16
5093973,Levi,Rodriguez,DT,16
4334405,Tavierre,Thomas,S,16
4565190,Dallas,Turner,LB,16
3133487,Andrew,Ginkel,LB,16
4568007,Jay,Ward,S,16
4696782,Elijah,Williams,DE,16
3056916,Eric,Wilson,LB,16
15726,Andrew,DePaola,LS,16
4567104,Will,Reichard,PK,16
4361823,Ryan,Wright,P,16
4695254,Julian,Ashby,LS,17
4240545,Bryce,Baringer,P,17
4569923,Andy,Borregales,PK,17
4426599,Alex,Austin,CB,17
4372030,Christian,Barmore,DT,17
4242205,K'Lavon,Chaisson,LB,17
3916923,Carlton,III,CB,17
4240042,Cory,Durden,DT,17
4245273,Christian,Elliss,LB,17
4611993,Joshua,Farmer,DT,17
4249739,Jack,Gibbens,LB,17
3858276,Jaylinn,Hawkins,S,17
3925350,Anfernee,Jennings,LB,17
4241720,Marcus,Jones,CB,17
3122793,Harold,III,LB,17
4248899,Marte,Mapu,LB,17
4566100,Kobee,Minor,CB,17
4911489,Caleb,Murphy,LB,17
4428232,Dell,Pettus,S,17
4688432,Elijah,Ponder,LB,17
4047941,Brenden,Schooler,S,17
3129446,Robert,Spillane,LB,17
4431598,Leonard,III,DT,17
4256074,Khyiris,Tonga,DT,17
4239699,Milton,Williams,DE,17
4368113,Charles,Woods,CB,17
4428930,Craig,Woodson,S,17
4429022,Kayshon,Boutte,WR,17
3116729,Garrett,Bradbury,C,17
4362890,Ben,Brown,C,17
4565293,Marcus,Bryant,OT,17
4685298,Will,Campbell,OT,17
2976212,Stefon,Diggs,WR,17
4427095,DeMario,Douglas,WR,17
4360294,Antonio,Gibson,RB,17
4432710,TreVeyon,Henderson,RB,17
3046439,Hunter,Henry,TE,17
2991662,Mack,Hollins,WR,17
3043275,Austin,Hooper,TE,17
4240554,Vederian,Lowe,OT,17
4431452,Drake,Maye,QB,17
16771,Morgan,Moses,OT,17
4046545,Mike,Onwenu,OT,17
4421446,Craig,Reynolds,RB,17
4569173,Rhamondre,Stevenson,RB,17
4361100,Jack,Westover,TE,17
4613202,Kyle,Williams,WR,17
4599198,Jared,Wilson,C,17
3886834,Ugo,Amadi,S,18
4035661,Julian,Blackmon,S,18
4428988,Bryan,Bresee,DT,18
4429040,Vernon,Broughton,DT,18
2980097,Jonathan,Bullard,DE,18
4035663,Terrell,Burgess,S,18
14958,Demario,Davis,LB,18
4429073,Fadil,Diggs,DE,18
4566088,Jaylan,Ford,LB,18
3115383,Davon,Godchaux,DT,18
3918310,Carl,Granderson,DE,18
4360949,Jordan,Howden,S,18
13971,Cameron,Jordan,DE,18
4433975,Kool-Aid,McKinstry,CB,18
3931399,Justin,Reid,S,18
4428350,Quincy,Riley,CB,18
4240475,Chris,II,DE,18
4683813,Jonas,Sanker,S,18
4076951,Nathan,Shepherd,DT,18
4361194,Isaiah,Stalbird,LB,18
4683215,Danny,Stutsman,LB,18
4369835,Alontae,Taylor,CB,18
4241993,Pete,Werner,LB,18
4032481,Jonah,Williams,DE,18
4696043,Rejzohn,Wright,CB,18
3122797,Isaac,Yiadom,CB,18
4685260,Kelvin,Jr.,OT,18
4035048,Luke,Fortner,C,18
4606711,Taliese,Fuaga,OT,18
3929645,Juwan,Johnson,TE,18
3054850,Alvin,Kamara,RB,18
4432731,Moliki,Matavao,TE,18
3917331,Erik,McCoy,C,18
4599739,Kendre,Miller,RB,18
4876006,Zaire,Mitchell-Paden,TE,18
4682652,Devin,Neal,RB,18
4361370,Chris,Olave,WR,18
4040945,Dillon,Radunz,OT,18
4426339,Spencer,Rattler,QB,18
4430379,Asim,Richards,OT,18
4258199,Cesar,Ruiz,C,18
4696902,Torricelli,III,G,18
4034862,Jack,Stoll,TE,18
4573697,Mason,Tipton,WR,18
4569559,Devaughn,Vele,WR,18
4570033,Kai,Kroeger,P,18
2575788,Zach,Wood,LS,18
4242547,Paulson,Adebo,CB,19
4426542,Darius,Alexander,DT,19
4428328,Deonte,Banks,CB,19
4426686,Dane,Belton,S,19
4361834,Jarrick,Bernard-Convers,CB,19
4429281,Korie,Black,CB,19
3060403,Chris,Board,LB,19
4570546,Swayze,Bozeman,LB,19
4429291,Beau,Brade,S,19
4035631,Brian,Burns,LB,19
4725996,Abdul,Carter,LB,19
4242899,D.J.,Davidson,DT,19
3931424,Demetrius,Flannigan-Fowle,LB,19
4429607,Cor'Dale,Flott,CB,19
4036132,Chauncey,Golston,DE,19
4689674,Art,Green,CB,19
4373809,Jevon,Holland,S,19
4427636,Nic,Jones,CB,19
4035483,Dexter,II,DT,19
4371961,Micah,McFadden,LB,19
4428072,Darius,Muasau,LB,19
4430261,Tyler,Nubin,S,19
2575453,Rakeem,Nunez-Roches,DT,19
3117253,Bobby,Okereke,LB,19
4431321,Dru,Phillips,CB,19
2574891,Roy,Robertson-Harri,DT,19
4426326,Kayvon,Thibodeaux,LB,19
4361516,Daniel,Bellinger,TE,19
4431210,Beaux,Collins,WR,19
4689114,Jaxson,Dart,QB,19
3115303,Jermaine,Eluemunor,OT,19
4258181,James,III,OT,19
4429148,Theo,Johnson,TE,19
2531358,Chris,Manhertz,TE,19
4686362,Marcus,Mbow,G,19
3728262,Ray-Ray,III,WR,19
4595348,Malik,Nabers,WR,19
4424106,Gunner,Olszewski,WR,19
4569587,Wan'Dale,Robinson,WR,19
3929936,Jon,Runyan,G,19
4038544,Austin,Schlottmann,C,19
4240771,John,Jr.,C,19
4040761,Devin,Singletary,RB,19
4696981,Cam,Skattebo,RB,19
3916945,Darius,Slayton,WR,19
3049339,Aaron,Stinnie,G,19
4360516,Tyrone,Jr.,RB,19
15718,Greg,Roten,G,19
14881,Russell,Wilson,QB,19
12460,Graham,Gano,PK,19
3936185,Jamie,Gillan,P,19
3049899,Younghoe,Koo,PK,19
17304,Casey,Kreiter,LS,19
4240532,Tony,Adams,S,20
4692555,Tyler,Baron,DE,20
4426676,Jowon,Briggs,DT,20
4426817,Jarvis,Jr.,CB,20
4361939,Andre,Cisco,S,20
4240896,Micheal,Clemons,DE,20
4567962,Jermaine,Johnson,LB,20
4371959,Cam,Jones,LB,20
4588300,Kobe,King,LB,20
4700136,Kiko,Mauigoa,LB,20
4045299,Marcelino,McCrary-Ball,LB,20
4361767,Will,IV,DE,20
4429005,Braiden,McGregor,DE,20
4692024,Malachi,Moore,S,20
3915437,Isaiah,Oliver,S,20
3117255,Harrison,Phillips,DT,20
3121634,Khalen,Saunders,DT,20
4361331,Jamien,Sherwood,LB,20
4035824,Brandon,Stephens,CB,20
5208977,Qwan'tez,Stiggers,CB,20
4240434,Ja'Sir,Taylor,CB,20
4685596,Azareye'h,Thomas,CB,20
4259647,Jay,Tufele,DT,20
3110565,Quincy,Williams,LB,20
4685247,Braelon,Allen,RB,20
3125107,Andrew,Beck,FB,20
4695404,Isaiah,Davis,RB,20
4431809,Olu,Fashanu,OT,20
4362887,Justin,Fields,QB,20
4427366,Breece,Hall,RB,20
2310331,Tyler,Johnson,WR,20
3128390,Allen,Lazard,WR,20
4789907,Armand,Membou,OT,20
4567096,John,III,WR,20
4597500,Adonai,Mitchell,WR,20
4373656,Max,Mitchell,OT,20
4242000,Josh,Myers,C,20
4259186,Xavier,Newman,G,20
4035537,Kene,Nwangwu,RB,20
3115306,Josh,Reynolds,WR,20
4361372,Jeremy,Ruckert,TE,20
4035479,John,Simpson,G,20
4250764,Stone,Smartt,TE,20
4429105,Arian,Smith,WR,20
4808766,Mason,Taylor,TE,20
14163,Tyrod,Taylor,QB,20
4428681,Joe,Tippmann,C,20
4569371,Isaiah,Williams,WR,20
4569618,Garrett,Wilson,WR,20
10621,Nick,Folk,PK,20
2983155,Thomas,Hennessy,LS,20
4427982,Austin,McNamara,P,20
3050478,Jake,Elliott,PK,21
15379,Charley,Hughlett,LS,21
4035239,Braden,Mann,P,21
3929630,Saquon,Barkley,RB,21
4429013,Tank,Bigsby,RB,21
4047646,A.J.,Brown,WR,21
4241374,Grant,Calcaterra,TE,21
4715355,Darius,Cooper,WR,21
4035624,Landon,Dickerson,G,21
4239934,AJ,Dillon,RB,21
4361409,Jahan,Dotson,WR,21
4427278,Xavier,Gipson,WR,21
3121023,Dallas,Goedert,TE,21
4039160,Kylen,Granson,TE,21
4040715,Jalen,Hurts,QB,21
3915106,Fred,Johnson,OT,21
15797,Lane,Johnson,OT,21
4361178,Cam,Jurgens,C,21
4372026,Cameron,Latu,TE,21
4334215,Jordan,Mailata,OT,21
3055886,Matt,Pryor,OT,21
4431545,Will,Shipley,RB,21
4241478,DeVonta,Smith,WR,21
4362805,Tyler,Steen,G,21
3129116,Brett,Toth,OT,21
4372070,Ben,VanSumeren,FB,21
3917657,Zack,Baun,LB,21
4686911,Jakorian,Bennett,CB,21
4243956,Reed,Blankenship,S,21
4360386,Sydney,Brown,S,21
4685287,Jihaad,Campbell,LB,21
4685759,Jalen,Carter,DT,21
4240456,Michael,II,CB,21
4381558,Jordan,Davis,DT,21
4682618,Cooper,DeJean,CB,21
3139368,Marcus,Epps,S,21
4429731,Gabe,Hall,DT,21
4571162,Jalyx,Hunt,LB,21
3120347,Adoree',Jackson,CB,21
4243916,Patrick,Johnson,LB,21
4689651,Mac,McWilliams,CB,21
4686273,Quinyon,Mitchell,CB,21
4431573,Smael,Jr.,LB,21
4602197,Andrew,Mukuba,S,21
4362116,Moro,Ojomo,DT,21
4242975,Jaelan,Phillips,LB,21
4428992,Kelee,Ringo,CB,21
4569586,Ty,Robinson,DT,21
4426331,Nolan,Jr.,LB,21
4432777,Jeremiah,Jr.,LB,21
4046528,Joshua,Uche,LB,21
4567123,Byron,Young,DT,21
4372056,Spencer,Anderson,G,23
4243389,Calvin,III,WR,23
4427170,Troy,Fautanu,OT,23
4429775,Zach,Frazier,C,23
4361411,Pat,Freiermuth,TE,23
4371733,Kenneth,Gainwell,RB,23
4241961,Connor,Heyward,TE,23
4819231,Kaleb,Johnson,RB,23
4428990,Broderick,Jones,OT,23
4035253,Ryan,McCollum,C,23
4368304,Mason,McCormick,G,23
4047650,DK,Metcalf,WR,23
3914397,Scotty,Miller,WR,23
8439,Aaron,Rodgers,QB,23
3116407,Mason,Rudolph,QB,23
2978247,Isaac,Seumalo,G,23
4035656,Ben,Skowronek,WR,23
3054212,Jonnu,Smith,TE,23
3051738,Marquez,Valdes-Scantlin,WR,23
4569987,Jaylen,Warren,RB,23
4430802,Darnell,Washington,TE,23
4431492,Roman,Wilson,WR,23
4426694,Keeanu,Benton,DT,23
4430947,Yahya,Black,DE,23
4429490,Carson,Bruener,LB,23
3045463,Chuck,Clark,S,23
4401811,Kyle,Dugger,S,23
4567979,Brandin,Echols,CB,23
3052059,Daniel,Ekuale,DT,23
3929846,DeShon,Elliott,S,23
4040615,Malik,Harrison,LB,23
4429164,Nick,Herbig,LB,23
13977,Cameron,Heyward,DT,23
4037333,Alex,Highsmith,LB,23
3116689,Cole,Holcomb,LB,23
2575164,Miles,Killebrew,S,23
4569474,Logan,Lee,DT,23
4035798,Isaiahh,Loudermilk,DT,23
3115962,Jabrill,Peppers,S,23
4259252,James,Pierre,CB,23
4426506,Joey,Jr.,CB,23
4242207,Patrick,Queen,LB,23
3045373,Jalen,Ramsey,CB,23
4431590,Jack,Sawyer,LB,23
15863,Darius,Slay,CB,23
3045282,T.J.,Watt,LB,23
4361652,Payton,Wilson,LB,23
17372,Chris,Boswell,PK,23
2978524,Christian,Kuntz,LS,23
3125280,Corliss,Waitman,P,23
4611506,Ben,Bartch,G,25
3045523,Kendrick,Bourne,WR,25
2577185,Jake,Brendel,C,25
4362999,Spencer,Burford,OT,25
4431523,Connor,Colby,G,25
4040612,Luke,Farrell,TE,25
4372561,Isaac,Guerendo,RB,25
4044138,Matt,Hennessy,C,25
3886598,Jauan,Jennings,WR,25
4241464,Mac,Jones,QB,25
16002,Kyle,Juszczyk,FB,25
3040151,George,Kittle,TE,25
3117251,Christian,McCaffrey,RB,25
3916075,Colton,McKivitz,OT,25
4430191,Skyy,Moore,WR,25
4428209,Ricky,Pearsall,WR,25
5092959,Dominick,Puni,G,25
4361741,Brock,Purdy,QB,25
4241474,Brian,Jr.,RB,25
4259147,Jake,Tonges,TE,25
13241,Trent,Williams,OT,25
4360290,Brayden,Willis,TE,25
4426698,Tatum,Bethune,LB,25
4040605,Nick,Bosa,DE,25
4693644,Ji'Ayir,Brown,S,25
4430835,Alfred,Collins,DT,25
4243541,Kalia,Davis,DT,25
4039052,Jordan,Elliott,DT,25
3116097,Luke,Gifford,LB,25
4427325,Renardo,Green,CB,25
4259594,Yetur,Gross-Matos,DE,25
4039375,Bryce,Huff,DE,25
4242488,Deommodore,Lenoir,CB,25
4047846,Chase,Lucas,CB,25
4685978,Darrell,Jr.,CB,25
3057524,Siran,Neal,CB,25
4569497,Sam,Okuayinonu,DT,25
4240706,Jason,Pinnock,S,25
4044448,Curtis,Robinson,LB,25
4693337,Marques,Sigle,S,25
4565200,Upton,Stout,CB,25
3138826,Fred,Warner,LB,25
4686308,C.J.,West,DT,25
4243493,Keion,White,DE,25
4685623,Mykel,Williams,DE,25
4428914,Dee,Winters,LB,25
4249087,Matt,Gay,PK,25
12701,Thomas,Morstead,P,25
4034949,Eddy,Pineiro,PK,25
13729,Jon,Weeks,LS,25
4678006,Elijah,Arroyo,TE,26
4576297,AJ,Barner,TE,26
4360405,Jake,Bobo,WR,26
4429211,Anthony,Bradford,G,26
4612077,Bryce,Cabeldue,G,26
4426385,Zach,Charbonnet,RB,26
4426376,Charles,Cross,OT,26
3912547,Sam,Darnold,QB,26
4429835,George,Holani,RB,26
4597703,Tory,Horton,WR,26
3914630,Josh,Jones,G,26
4035693,Velus,Jr.,RB,26
2977187,Cooper,Kupp,WR,26
4245171,Abraham,Lucas,OT,26
4432734,Jalen,Milroe,QB,26
4370807,Olu,Oluwatimi,C,26
4691688,Robbie,Ouzts,FB,26
4243176,Brady,Russell,FB,26
2975863,Eric,Saubert,TE,26
4032473,Rashid,Shaheed,WR,26
4430878,Jaxon,Smith-Njigba,WR,26
4383409,Jalen,Sundell,C,26
4567048,Kenneth,III,RB,26
4241983,Cody,White,WR,26
4401805,Dareke,Young,WR,26
4693346,Grey,Zabel,G,26
4608386,D'Anthony,Bell,S,26
4259978,Quinton,Bohanna,DT,26
4239094,Coby,Bryant,S,26
2577553,Quandre,Diggs,S,26
4869523,Nick,Emmanwori,S,26
3054026,Shaquill,Griffin,CB,26
4567226,Derick,Hall,LB,26
4372020,Josh,Jobe,CB,26
4362851,Ernest,IV,LB,26
4686540,Tyrice,Knight,LB,26
16802,DeMarcus,Lawrence,DE,26
4046675,Julian,Love,S,26
4240754,Boye,Mafe,LB,26
4572055,Mike,Morris,DE,26
4570040,Byron,II,DT,26
3120358,Uchenna,Nwosu,LB,26
4247808,Ty,Okada,S,26
4259651,Brandon,Pili,DT,26
4567222,Nehemiah,Pritchett,CB,26
3115312,Jarran,Reed,DT,26
4037521,Chazz,Surratt,LB,26
4428659,Drake,Thomas,LB,26
2971622,Leonard,Williams,DE,26
4575431,Devon,Witherspoon,CB,26
4245185,Riq,Woolen,CB,26
3929851,Michael,Dickson,P,26
2473037,Jason,Myers,PK,26
4259606,Chris,Stoll,LS,26
4428989,Chris,Braswell,LB,27
4569563,John,Bullock,LB,27
14985,Lavonte,David,LB,27
3873935,Jamel,Dean,CB,27
4429511,SirVocea,Dennis,LB,27
4686334,Yaya,Diaby,LB,27
3127294,Greg,Gaines,DT,27
4360189,Logan,Hall,DE,27
4248533,Josh,Hayes,CB,27
4372459,Christian,Izien,S,27
2976545,Deion,Jones,LB,27
4427673,Calijah,Kancey,DT,27
4250392,Zyon,McCollum,CB,27
4360502,Kaevon,Merriweather,S,27
4816107,Benjamin,Morrison,CB,27
3894856,Anthony,Nelson,LB,27
4912847,Jacob,Parrish,CB,27
2980504,Haason,Reddick,LB,27
4690795,Elijah,Roberts,DE,27
4428522,Tykee,Smith,S,27
3134362,Vita,Vea,DT,27
4036651,Kindle,Vildor,CB,27
4373706,Markees,Watts,LB,27
4034790,Antoine,Jr.,S,27
4428917,Rashad,Wisdom,S,27
4429251,Graham,Barton,C,27
4046551,Ben,Bredeson,G,27
4690787,Benjamin,Chukwuma,OT,27
4372505,Payne,Durham,TE,27
4567750,Emeka,Egbuka,WR,27
16737,Mike,Evans,WR,27
4380507,Luke,Goedeke,OT,27
3895840,Charlie,Heck,OT,27
4596448,Bucky,Irving,RB,27
5097554,Kameron,Johnson,WR,27
4608810,Tez,Johnson,WR,27
4040622,Mike,Jordan,G,27
4034779,Ko,Kieft,TE,27
4362066,Elijah,Klein,G,27
4248545,Cody,Mauch,G,27
3052587,Baker,Mayfield,QB,27
4369466,Ryan,Miller,WR,27
4243331,Cade,Otton,TE,27
2976592,Sterling,Shepard,WR,27
4430871,Sean,Tucker,RB,27
4697815,Rachaad,White,RB,27
4361727,Evan,Deckers,LS,27
2577619,Riley,Dixon,P,27
3150744,Chase,McLaughlin,PK,27
4036507,Joe,Bachie,LB,10
4036660,Darrell,Jr.,CB,10
3926229,Cody,Barton,LB,10
4244310,Mike,Brown,S,10
4567399,Kaiir,Elam,CB,10
4429834,Cedric,Gray,LB,10
4429058,Jaylen,Harrell,LB,10
4570469,Marcus,Harris,CB,10
4036134,Amani,Hooker,S,10
3047495,Sebastian,Joseph-Day,DE,10
3843843,Arden,Key,LB,10
4259181,James,Lynch,DT,10
4573318,Dorian,Mausi,LB,10
4876057,Oluwafemi,Oladejo,LB,10
4700676,C.J.,Ravenell,DE,10
4035369,Jeffery,Simmons,DT,10
4040432,L'Jarius,Sneed,CB,10
4428617,T'Vondre,Sweat,DT,10
3886601,Shy,Tuttle,DT,10
3115914,Jihad,Ward,LB,10
2977681,Carlos,Watkins,DE,10
4431613,James,Sr.,LB,10
3040572,Xavier,Woods,S,10
4883647,Elic,Ayomanor,WR,10
4367567,Julius,Chestnut,RB,10
4035448,Lloyd,III,C,10
4431268,Chimere,Dike,WR,10
3116135,Blake,Hance,G,10
4686728,Gunnar,Helm,TE,10
3930066,Van,Jefferson,WR,10
4431437,JC,Latham,OT,10
2973637,Corey,Levin,C,10
4360978,David,Martin-Robinson,TE,10
4243004,Jordan,Mims,RB,10
4240920,Dan,Jr.,OT,10
4429121,Kalel,Mullings,RB,10
4240015,John,Ojukwu,OT,10
4360635,Chig,Okonkwo,TE,10
4362617,Bryce,Oliver,WR,10
3916148,Tony,Pollard,RB,10
3925357,Calvin,Ridley,WR,10
4429100,Peter,Skoronski,OT,10
3120502,Olisaemeka,Udoh,OT,10
4688380,Cam,Ward,QB,10
14931,Kevin,Zeitler,G,10
13848,Morgan,Cox,LS,10
15153,Johnny,Hekker,P,10
3124084,Joey,Slye,PK,10
3115922,Nick,Allegretti,G,28
4048228,John,Bates,TE,28
4035788,Tyler,Biadasz,C,28
3121409,Noah,Brown,WR,28
4685030,Brandon,Coleman,OT,28
4685326,Josh,Jr.,OT,28
4575131,Jacory,Croskey-Merritt,RB,28
4426348,Jayden,Daniels,QB,28
3121541,Michael,Deiter,C,28
3068267,Austin,Ekeler,RB,28
15835,Zach,Ertz,TE,28
4602667,Jaylin,Lane,WR,28
4426948,Luke,McCaffrey,WR,28
3121422,Terry,McLaurin,WR,28
3127586,Jeremy,McNichols,RB,28
2576581,Chris,Moore,WR,28
4244615,Chris,Paul,G,28
3126486,Deebo,Samuel,WR,28
4690923,Ben,Sinnott,TE,28
3051890,Laremy,Tunsil,OT,28
3042702,Andrew,Wylie,G,28
4361088,Colson,Yankoff,TE,28
4574689,Trey,Amos,CB,28
3928979,Dorance,Armstrong,DE,28
14471,Nick,Bellore,LB,28
4363097,Percy,Butler,S,28
2969924,Eddie,Goldman,DT,28
3915297,Will,Harris,S,28
4242516,Noah,Igbinoghene,CB,28
4361357,Javontae,Jean-Baptiste,DE,28
2971027,Jonathan,Jones,CB,28
4259491,Javon,Kinlaw,DT,28
3121421,Marshon,Lattimore,CB,28
3127273,Frankie,Luvu,LB,28
4568617,Jordan,Magee,LB,28
3138764,Jacob,Martin,DE,28
4360378,Quan,Martin,S,28
13976,Von,Miller,LB,28
4430560,Jer'Zhan,Newton,DT,28
4572460,Tyler,Owens,S,28
3925354,Daron,Payne,DT,28
3125248,Jeremy,Reaves,S,28
4428414,Mike,Sainristil,CB,28
3915419,Darnell,Savage,S,28
14979,Bobby,Wagner,LB,28
2980080,Deatrich,Jr.,DE,28
4372066,Jake,Moody,PK,28
17378,Tyler,Ott,LS,28
16166,Tress,Way,P,28
